000248056    ;000002;
000590051    ;000029;
001340025    ;000002;
001740063    ;000006;
002021032    ;000001;
002129017    ;000006;
002177018    ;000002;
002309033    ;000001;
002309045    ;000009;
002309058    ;000006;
002309060    ;000006;
002309072    ;000002;
002516060    ;000011;
002955060    ;000002;
002955108    ;000001;
003235049    ;000003;
003410026    ;000007;
003410065    ;000019;
003488057    ;000001;
003559059    ;000003;
003763265    ;000002;
003785033    ;000004;
003785045    ;000004;
003803107    ;000001;
003950019    ;000002;
004347011    ;000001;
004398018    ;000025;
004561015    ;000003;
004642031    ;000005;
004758025    ;000112;
004763114    ;000075;
004763153    ;000014;
004763330    ;000033;
004763405    ;000002;
004853014    ;000001;
004853026    ;000002;
004901195    ;000008;
004901219    ;000025;
004901233    ;000001;
004930020    ;000002;
005125012    ;000020;
005125024    ;000010;
005170028    ;000001;
005239052    ;000001;
005268038    ;000001;
005472028    ;000003;
005494024    ;000002;
005638022    ;000002;
005647033    ;000002;
005781036    ;000001;
005781048    ;000011;
006152021    ;000001;
006228062    ;000021;
006570257    ;000003;
006979025    ;000042;
006979037    ;000001;
006979049    ;000001;
007645056    ;000002;
008679033    ;000002;
008776078    ;000003;
008891018    ;000006;
008997064    ;000012;
009115027    ;000002;
009115078    ;000002;
009277017    ;000003;
009286016    ;000005;
009340011    ;000002;
009956018    ;000001;
009964038    ;000002;
010058030    ;000002;
010089011    ;000005;
010089035    ;000006;
010089047    ;000008;
010318032    ;000014;
010386023    ;000001;
010386062    ;000001;
010386074    ;000004;
010495048    ;000002;
010495051    ;000001;
010772022    ;000001;
010834024    ;000002;
011226026    ;000001;
011782012    ;000003;
012048043    ;000002;
012235038    ;000001;
012235040    ;000019;
012238073    ;000001;
012322020    ;000001;
012611125    ;000005;
012745016    ;000080;
012745042    ;000008;
012745055    ;000015;
012745067    ;000012;
012745079    ;000020;
012745081    ;000028;
012745093    ;000203;
012745117    ;000018;
012745143    ;000012;
012745168    ;000094;
012745182    ;000384;
012745220    ;000002;
012745271    ;000001;
012812018    ;000002;
013046038    ;000009;
013046040    ;000003;
013046077    ;000042;
013046089    ;000041;
013046115    ;000010;
013868031    ;000012;
013967056    ;000012;
013972056    ;000002;
014137020    ;000002;
014159026    ;000002;
014159040    ;000011;
014205037    ;000021;
014302032    ;000003;
014371037    ;000013;
014371052    ;000014;
014371088    ;000018;
014729166    ;000001;
015094016    ;000006;
015228012    ;000002;
015521091    ;000001;
015598028    ;000029;
015724026    ;000002;
015724038    ;000006;
015724065    ;000004;
015784097    ;000017;
015896018    ;000005;
015896107    ;000003;
015896121    ;000005;
015960014    ;000002;
016222073    ;000002;
016242149    ;000002;
016242152    ;000019;
016242214    ;000046;
016242238    ;000001;
016242240    ;000007;
016242289    ;000002;
016366027    ;000020;
016805032    ;000001;
016805095    ;000010;
016861015    ;000002;
017076074    ;000008;
017076148    ;000002;
017389091    ;000006;
017389103    ;000006;
017651035    ;000003;
017758018    ;000004;
017758020    ;000006;
017758069    ;000003;
017837028    ;000003;
017863034    ;000002;
017932029    ;000006;
018259022    ;000004;
018259034    ;000004;
018269050    ;000001;
018469066    ;000008;
018505038    ;000002;
018554081    ;000024;
018610042    ;000012;
018610067    ;000001;
018610079    ;000003;
018723080    ;000006;
018805022    ;000002;
019133038    ;000002;
019449014    ;000008;
019449038    ;000034;
019499019    ;000002;
019499072    ;000004;
019499084    ;000002;
019655012    ;000033;
019655051    ;000060;
019655152    ;000030;
019655315    ;000021;
019803028    ;000002;
019822028    ;000002;
019888015    ;000002;
019906015    ;000003;
019906027    ;000002;
019906054    ;000010;
019941020    ;000001;
019994033    ;000001;
019994060    ;000001;
019995048    ;000002;
019995063    ;000002;
020008052    ;000002;
020019028    ;000002;
020051037    ;000004;
020096020    ;000001;
020124020    ;000017;
020124121    ;000020;
020157018    ;000018;
020163349    ;000019;
020213144    ;000018;
020423265    ;000001;
020445021    ;000002;
020465011    ;000002;
020558021    ;000003;
020582033    ;000003;
020582209    ;000005;
020582223    ;000028;
020582274    ;000024;
020602013    ;000002;
020602025    ;000010;
020602049    ;000002;
020602052    ;000001;
020605022    ;000001;
020609018    ;000002;
020609069    ;000002;
020609083    ;000001;
020609095    ;000001;
020660041    ;000013;
020676019    ;000001;
020676021    ;000002;
020676033    ;000002;
020676045    ;000001;
020702054    ;000011;
020702080    ;000021;
020702229    ;000007;
020702282    ;000008;
020702344    ;000012;
020706014    ;000002;
020706026    ;000004;
020706038    ;000003;
020708069    ;000010;
020731081    ;000001;
020739037    ;000004;
020766010    ;000003;
020766022    ;000001;
020766046    ;000003;
020835031    ;000004;
020835043    ;000003;
020851046    ;000001;
020854028    ;000005;
020867026    ;000001;
020883094    ;000001;
020891077    ;000004;
020949020    ;000002;
020957039    ;000003;
021004027    ;000002;
021004041    ;000001;
021004205    ;000018;
021053018    ;000001;
021091018    ;000001;
021110034    ;000001;
021168012    ;000002;
021168051    ;000002;
021213018    ;000001;
021226016    ;000002;
021259015    ;000001;
021259027    ;000007;
021266059    ;000001;
021377039    ;000002;
021432024    ;000002;
021458031    ;000001;
021460062    ;000001;
021460074    ;000002;
021462066    ;000004;
021462078    ;000003;
021473018    ;000001;
021481256    ;000005;
021483096    ;000001;
021510019    ;000005;
021553021    ;000003;
021625064    ;000034;
021625076    ;000008;
021633019    ;000007;
021633021    ;000005;
021633033    ;000007;
021635065    ;000007;
021643010    ;000003;
021643022    ;000006;
021643046    ;000004;
021736020    ;000007;
021736032    ;000004;
021822010    ;000001;
021902010    ;000002;
021922024    ;000003;
021925060    ;000090;
021978046    ;000003;
021993050    ;000004;
021998024    ;000003;
022019020    ;000004;
022019032    ;000007;
022033031    ;000003;
022085082    ;000003;
022086110    ;000001;
022088052    ;000001;
022088064    ;000003;
022088088    ;000002;
022211039    ;000002;
022228074    ;000002;
022240016    ;000002;
022258014    ;000004;
022258040    ;000001;
022309013    ;000001;
022323036    ;000005;
022323063    ;000030;
022323075    ;000002;
022323099    ;000040;
022323113    ;000014;
022441036    ;000004;
022441048    ;000010;
022483034    ;000005;
022483109    ;000002;
022483111    ;000007;
022483162    ;000004;
022483200    ;000001;
022483248    ;000005;
022483251    ;000003;
022531053    ;000006;
022531077    ;000008;
022531127    ;000002;
022535037    ;000001;
022571018    ;000001;
022593103    ;000065;
022593115    ;000004;
022593204    ;000004;
022593216    ;000033;
022628061    ;000002;
022629113    ;000006;
022632145    ;000024;
022632184    ;000016;
022633059    ;000004;
022711129    ;000002;
022717021    ;000003;
022760019    ;000018;
022760159    ;000001;
022803035    ;000002;
022803047    ;000001;
022816021    ;000003;
022837088    ;000005;
022863068    ;000001;
022864021    ;000005;
022865176    ;000006;
022865188    ;000001;
022865190    ;000001;
022865202    ;000001;
022867016    ;000006;
022867028    ;000003;
022905057    ;000007;
022905145    ;000003;
022905158    ;000004;
022921086    ;000001;
022921098    ;000001;
022941076    ;000001;
022959011    ;000002;
022959023    ;000004;
022984052    ;000023;
022991057    ;000002;
022991158    ;000003;
022999015    ;000002;
022999027    ;000002;
023014018    ;000002;
023070016    ;000004;
023075029    ;000004;
023087024    ;000002;
023087075    ;000001;
023090044    ;000004;
023103132    ;000003;
023108184    ;000016;
023142019    ;000004;
023142033    ;000004;
023142058    ;000004;
023145016    ;000002;
023145028    ;000004;
023145042    ;000002;
023150016    ;000002;
023159039    ;000018;
023159054    ;000006;
023164015    ;000001;
023177215    ;000001;
023181011    ;000002;
023181023    ;000002;
023181035    ;000009;
023181047    ;000009;
023181074    ;000001;
023183027    ;000001;
023183041    ;000002;
023183193    ;000003;
023183205    ;000002;
023185061    ;000008;
023185097    ;000005;
023198029    ;000023;
023207057    ;000001;
023245020    ;000002;
023296039    ;000002;
023325020    ;000002;
023325057    ;000001;
023356025    ;000018;
023356049    ;000008;
023356076    ;000003;
023358068    ;000009;
023362039    ;000002;
023362041    ;000001;
023382017    ;000003;
023382029    ;000010;
023382031    ;000005;
023399013    ;000003;
023404092    ;000004;
023404231    ;000003;
023417037    ;000002;
023418039    ;000002;
023432038    ;000001;
023440062    ;000001;
023446014    ;000002;
023451014    ;000002;
023475066    ;000010;
023475128    ;000001;
023539063    ;000003;
023547060    ;000007;
023578038    ;000003;
023585019    ;000002;
023589031    ;000001;
023589043    ;000002;
023593015    ;000007;
023593039    ;000007;
023593054    ;000004;
023593078    ;000008;
023598016    ;000004;
023603018    ;000006;
023603044    ;000002;
023603069    ;000001;
023603145    ;000001;
023605076    ;000002;
023605114    ;000011;
023605138    ;000002;
023605153    ;000002;
023610013    ;000008;
023610025    ;000005;
023616028    ;000005;
023616042    ;000002;
023630039    ;000002;
023638012    ;000004;
023639026    ;000010;
023639040    ;000008;
023646019    ;000002;
023647011    ;000001;
023653076    ;000009;
023673066    ;000029;
023673092    ;000058;
023691013    ;000002;
023694058    ;000063;
023695036    ;000002;
023703010    ;000008;
023703046    ;000012;
023707108    ;000001;
023722085    ;000001;
023745072    ;000006;
023745096    ;000004;
023749056    ;000002;
023762053    ;000002;
023770011    ;000005;
023777030    ;000003;
023821010    ;000002;
023821022    ;000002;
023834118    ;000004;
023839018    ;000007;
023839020    ;000002;
023844044    ;000003;
023864022    ;000001;
023868021    ;000002;
023905021    ;000007;
023907126    ;000003;
023907177    ;000002;
023993013    ;000052;
023993037    ;000004;
024001012    ;000004;
024016038    ;000003;
024022117    ;000003;
024022143    ;000003;
024022170    ;000004;
024032031    ;000002;
024036042    ;000003;
024045027    ;000002;
024073013    ;000001;
024080020    ;000002;
024139014    ;000004;
024154066    ;000003;
024155057    ;000002;
024273056    ;000005;
024273094    ;000006;
024274019    ;000001;
024278121    ;000002;
024278145    ;000002;
024280012    ;000005;
024280024    ;000003;
024284034    ;000001;
024309039    ;000003;
024325060    ;000002;
024350023    ;000003;
024352054    ;000014;
024352142    ;000002;
024352167    ;000013;
024352181    ;000006;
024352205    ;000002;
024383022    ;000002;
024402048    ;000011;
024402051    ;000010;
024402063    ;000016;
024402075    ;000007;
024402125    ;000033;
024402137    ;000024;
024402149    ;000002;
024402152    ;000002;
024402164    ;000003;
024411035    ;000001;
024427041    ;000004;
024427054    ;000007;
024428068    ;000001;
024428195    ;000003;
024428272    ;000002;
024444123    ;000001;
024449050    ;000001;
024453021    ;000005;
024493013    ;000003;
024515076    ;000005;
024515114    ;000032;
024519023    ;000001;
024542019    ;000001;
024552022    ;000004;
024552046    ;000002;
024593016    ;000001;
024596037    ;000003;
024597039    ;000002;
024649081    ;000003;
024649093    ;000002;
024666024    ;000002;
024685036    ;000005;
024703124    ;000005;
024713048    ;000002;
024713063    ;000003;
024713075    ;000008;
024722047    ;000003;
024722086    ;000001;
024731111    ;000004;
024732024    ;000002;
024737025    ;000002;
024737037    ;000002;
024763056    ;000003;
024840074    ;000194;
024851014    ;000002;
024861041    ;000001;
024862017    ;000008;
024862029    ;000002;
024862094    ;000004;
024862106    ;000004;
024886018    ;000001;
024953034    ;000003;
024957247    ;000001;
024964140    ;000014;
025009097    ;000002;
025035015    ;000005;
025053012    ;000001;
025190012    ;000001;
025193018    ;000002;
025193020    ;000003;
025200041    ;000002;
025202058    ;000008;
025218102    ;000001;
025218114    ;000001;
025267016    ;000002;
025267028    ;000003;
025277017    ;000004;
025277070    ;000003;
025278019    ;000003;
025278058    ;000004;
025284011    ;000001;
025284035    ;000001;
025288059    ;000006;
025298074    ;000002;
025300029    ;000013;
025308038    ;000002;
025327026    ;000003;
025368046    ;000003;
025369048    ;000030;
025369051    ;000001;
025371016    ;000008;
025373010    ;000005;
025373059    ;000002;
025462019    ;000002;
025462021    ;000002;
025474014    ;000002;
025519048    ;000017;
025519063    ;000025;
025533213    ;000003;
025561010    ;000003;
025561073    ;000002;
025624014    ;000002;
025627047    ;000003;
025634015    ;000004;
025634041    ;000006;
025635018    ;000005;
025640057    ;000003;
025647013    ;000024;
025647037    ;000005;
025647114    ;000025;
025669019    ;000036;
025669072    ;000004;
025669185    ;000025;
025669197    ;000006;
025669348    ;000002;
025680024    ;000026;
025682028    ;000006;
025682042    ;000006;
025703048    ;000001;
025725021    ;000014;
025728015    ;000011;
025733015    ;000001;
025737065    ;000002;
025747039    ;000001;
025825023    ;000043;
025829084    ;000041;
025829185    ;000035;
025829223    ;000006;
025833068    ;000070;
025851027    ;000001;
025851066    ;000003;
025852029    ;000002;
025852068    ;000002;
025860026    ;000004;
025860053    ;000001;
025860077    ;000001;
025869013    ;000004;
025899016    ;000003;
025910047    ;000001;
025935026    ;000003;
025935040    ;000004;
025937032    ;000002;
025940026    ;000016;
025940053    ;000022;
025959053    ;000006;
025970043    ;000002;
025979055    ;000002;
025980057    ;000003;
025980069    ;000010;
025980071    ;000010;
025980083    ;000007;
025980145    ;000004;
026009011    ;000009;
026009023    ;000003;
026009035    ;000004;
026009050    ;000002;
026023109    ;000002;
026029064    ;000012;
026043012    ;000001;
026043063    ;000001;
026043101    ;000001;
026045029    ;000013;
026046019    ;000001;
026046021    ;000004;
026046033    ;000003;
026048090    ;000001;
026057024    ;000003;
026065019    ;000005;
026089019    ;000169;
026089108    ;000016;
026089146    ;000002;
026089502    ;000001;
026089514    ;000006;
026138139    ;000006;
026138192    ;000002;
026141147    ;000002;
026141212    ;000002;
026214015    ;000002;
026224016    ;000001;
026286029    ;000003;
026343018    ;000006;
026368050    ;000002;
026368062    ;000003;
026368086    ;000001;
026372096    ;000003;
026416139    ;000002;
026416317    ;000002;
026420048    ;000002;
026435038    ;000006;
026510091    ;000006;
026525042    ;000002;
026525055    ;000012;
026525093    ;000010;
026564070    ;000006;
026564094    ;000049;
026573016    ;000003;
026608036    ;000003;
026608214    ;000004;
026608240    ;000003;
026609026    ;000004;
026609040    ;000002;
026630020    ;000003;
026642052    ;000003;
026664021    ;000005;
026670051    ;000002;
026695015    ;000005;
026721100    ;000002;
026729032    ;000001;
026749010    ;000001;
026752016    ;000004;
026776056    ;000013;
026783098    ;000004;
026803080    ;000002;
026803092    ;000002;
026803104    ;000002;
026803205    ;000018;
026817027    ;000002;
026821013    ;000022;
026821025    ;000016;
026834022    ;000005;
026837029    ;000006;
026851016    ;000006;
026851028    ;000004;
026890119    ;000002;
026894016    ;000004;
026894042    ;000002;
026916142    ;000003;
026925040    ;000004;
026925053    ;000001;
026925065    ;000004;
026925154    ;000001;
026925230    ;000002;
026928010    ;000001;
026964039    ;000001;
027002031    ;000006;
027032022    ;000002;
027032059    ;000001;
027056011    ;000020;
027075011    ;000011;
027077027    ;000002;
027103023    ;000026;
027103035    ;000006;
027130071    ;000002;
027130107    ;000002;
027134030    ;000005;
027134081    ;000010;
027152038    ;000002;
027161052    ;000015;
027161064    ;000018;
027161076    ;000010;
027162078    ;000002;
027171026    ;000001;
027204015    ;000001;
027204027    ;000001;
027208014    ;000005;
027208103    ;000049;
027208115    ;000005;
027209016    ;000004;
027209105    ;000008;
027209117    ;000002;
027210018    ;000003;
027225034    ;000002;
027228079    ;000002;
027232014    ;000001;
027232026    ;000002;
027232040    ;000004;
027233028    ;000001;
027234020    ;000002;
027234032    ;000002;
027244072    ;000007;
027253020    ;000004;
027253032    ;000001;
027253069    ;000003;
027257056    ;000002;
027261015    ;000002;
027267020    ;000005;
027268097    ;000001;
027286210    ;000002;
027309018    ;000008;
027309032    ;000004;
027314018    ;000002;
027314044    ;000012;
027320011    ;000001;
027320023    ;000002;
027329010    ;000002;
027329022    ;000002;
027341015    ;000003;
027341027    ;000001;
027341039    ;000004;
027359013    ;000001;
027370129    ;000003;
027372010    ;000002;
027372022    ;000003;
027393014    ;000004;
027393026    ;000004;
027395021    ;000002;
027428010    ;000010;
027428022    ;000009;
027436017    ;000002;
027436029    ;000001;
027457011    ;000006;
027457023    ;000002;
027457035    ;000003;
027464041    ;000004;
027482013    ;000007;
027491012    ;000003;
027529041    ;000001;
027530144    ;000003;
027547013    ;000003;
027574019    ;000002;
027604014    ;000006;
027604040    ;000004;
027606019    ;000006;
027616022    ;000016;
027618040    ;000076;
027626023    ;000001;
027626047    ;000004;
027633039    ;000002;
027633041    ;000002;
027747017    ;000001;
027753108    ;000004;
027753110    ;000003;
027756016    ;000002;
027786021    ;000004;
027807054    ;000003;
027807078    ;000002;
027808017    ;000003;
027830037    ;000009;
027830052    ;000002;
027831039    ;000003;
027831041    ;000002;
027832068    ;000001;
027860028    ;000002;
027860042    ;000009;
027878038    ;000001;
027910013    ;000001;
027917020    ;000001;
027964030    ;000009;
027965033    ;000014;
027975059    ;000003;
027975061    ;000001;
027975073    ;000006;
027980010    ;000004;
027989033    ;000006;
028035018    ;000005;
028039028    ;000001;
028062053    ;000002;
028159010    ;000003;
028159061    ;000002;
028159073    ;000002;
028162042    ;000003;
028176028    ;000003;
028176129    ;000002;
028231025    ;000001;
028245090    ;000008;
028245114    ;000001;
028252017    ;000004;
028253019    ;000001;
028262018    ;000005;
028271017    ;000006;
028284014    ;000003;
028284026    ;000007;
028299016    ;000002;
028308017    ;000007;
028310035    ;000001;
028317016    ;000004;
028330037    ;000002;
028331015    ;000004;
028356018    ;000003;
028407017    ;000002;
028424012    ;000001;
028437022    ;000003;
028463040    ;000002;
028464028    ;000001;
028466011    ;000007;
028480010    ;000002;
028511095    ;000017;
028511145    ;000002;
028523013    ;000001;
028531010    ;000014;
028531022    ;000019;
028531059    ;000003;
028531123    ;000002;
028532024    ;000003;
028535033    ;000001;
028561037    ;000011;
028590014    ;000003;
028600017    ;000012;
028600029    ;000002;
028600031    ;000004;
028600056    ;000028;
028600070    ;000008;
028600094    ;000011;
028631024    ;000003;
028651014    ;000014;
028651026    ;000018;
028652028    ;000002;
028663019    ;000003;
028667208    ;000001;
028675104    ;000002;
028675181    ;000005;
028681056    ;000003;
028688024    ;000025;
028700033    ;000015;
028717015    ;000014;
028717027    ;000002;
028717039    ;000008;
028717041    ;000031;
028721049    ;000015;
028735013    ;000001;
028755015    ;000002;
028755027    ;000005;
028759013    ;000001;
028790018    ;000001;
028809034    ;000002;
028818072    ;000002;
028831055    ;000012;
028831067    ;000007;
028831129    ;000003;
028831131    ;000009;
028852010    ;000002;
028853012    ;000002;
028853024    ;000009;
028853036    ;000004;
028853075    ;000001;
028853101    ;000006;
028855056    ;000001;
028855068    ;000002;
028877013    ;000001;
028877025    ;000001;
028945020    ;000003;
028945032    ;000009;
028967026    ;000002;
028969020    ;000006;
028978017    ;000001;
028978031    ;000002;
028980011    ;000001;
028988032    ;000003;
029001029    ;000001;
029014014    ;000001;
029018064    ;000002;
029020017    ;000002;
029032075    ;000001;
029032087    ;000001;
029036050    ;000012;
029036062    ;000002;
029036074    ;000009;
029041023    ;000001;
029051075    ;000004;
029052077    ;000002;
029121011    ;000018;
029134018    ;000003;
029163033    ;000009;
029199041    ;000003;
029212053    ;000004;
029212065    ;000004;
029212077    ;000002;
029224045    ;000006;
029243019    ;000007;
029278013    ;000002;
029278025    ;000003;
029296011    ;000005;
029353012    ;000002;
029384017    ;000006;
029384043    ;000010;
029393016    ;000011;
029393028    ;000006;
029393042    ;000002;
029396037    ;000012;
029396052    ;000006;
029444116    ;000001;
029444181    ;000002;
029456011    ;000002;
029456035    ;000009;
029456050    ;000004;
029467026    ;000004;
029486014    ;000002;
029486026    ;000002;
029487016    ;000002;
029500055    ;000002;
029512011    ;000004;
029517012    ;000004;
029528027    ;000002;
029534017    ;000007;
029534029    ;000001;
029551013    ;000003;
029561040    ;000001;
029563044    ;000002;
029565013    ;000004;
029612013    ;000001;
029651027    ;000003;
029651039    ;000012;
029651066    ;000012;
029720063    ;000049;
029720087    ;000003;
029776022    ;000015;
029776059    ;000008;
029798028    ;000001;
029800012    ;000001;
029809011    ;000003;
029809023    ;000001;
029816016    ;000029;
029818010    ;000007;
029851173    ;000002;
029851262    ;000004;
029851324    ;000003;
029851348    ;000001;
029963016    ;000001;
030211039    ;000001;
030226017    ;000001;
030261010    ;000005;
030261034    ;000018;
030325017    ;000001;
030486043    ;000002;
030649317    ;000001;
030684411    ;000001;
031111026    ;000003;
031111040    ;000004;
031111305    ;000002;
031115025    ;000004;
031220015    ;000003;
031220027    ;000002;
031228012    ;000002;
031494014    ;000002;
031494026    ;000001;
031497047    ;000003;
031497050    ;000002;
031507041    ;000001;
031507104    ;000001;
031773029    ;000002;
031825021    ;000021;
031825060    ;000206;
031825096    ;000002;
031834029    ;000002;
031834296    ;000002;
031835022    ;000002;
031848056    ;000004;
031850011    ;000004;
031981044    ;000012;
031981069    ;000033;
031981311    ;000004;
031981335    ;000010;
031985068    ;000003;
032019010    ;000019;
032025037    ;000002;
032033019    ;000004;
032039012    ;000001;
032056020    ;000010;
032079055    ;000004;
032117018    ;000002;
032117160    ;000002;
032117222    ;000007;
032132033    ;000001;
032143012    ;000004;
032143024    ;000004;
032155018    ;000034;
032163014    ;000003;
032209013    ;000003;
032210015    ;000017;
032246047    ;000002;
032280012    ;000001;
032307011    ;000001;
032307023    ;000002;
032307047    ;000008;
032307050    ;000012;
032307086    ;000008;
032338028    ;000001;
032647024    ;000012;
032790038    ;000012;
032800031    ;000002;
032800043    ;000001;
032808026    ;000005;
032845012    ;000002;
032920011    ;000001;
032944035    ;000002;
032944112    ;000002;
032993040    ;000001;
033006026    ;000010;
033006040    ;000010;
033006065    ;000003;
033007028    ;000010;
033007067    ;000009;
033007307    ;000004;
033013018    ;000004;
033054026    ;000002;
033072012    ;000002;
033090010    ;000023;
033159017    ;000009;
033159029    ;000006;
033161011    ;000002;
033161023    ;000001;
033178260    ;000010;
033178359    ;000002;
033178892    ;000012;
033178942    ;000010;
033200015    ;000004;
033219015    ;000002;
033224027    ;000009;
033224080    ;000005;
033225020    ;000003;
033225083    ;000002;
033226022    ;000008;
033226085    ;000002;
033227012    ;000057;
033227024    ;000013;
033227036    ;000003;
033232024    ;000002;
033262027    ;000002;
033262041    ;000004;
033262078    ;000008;
033263043    ;000003;
033263070    ;000002;
033264045    ;000006;
033264072    ;000005;
033303330    ;000001;
033330010    ;000006;
033330022    ;000006;
033345149    ;000003;
033363019    ;000005;
033373010    ;000009;
033402025    ;000004;
033420050    ;000001;
033451168    ;000002;
033451269    ;000003;
033451360    ;000002;
033501026    ;000014;
033512017    ;000012;
033512031    ;000006;
033519036    ;000001;
033529052    ;000002;
033529064    ;000003;
033551045    ;000008;
033551058    ;000038;
033555032    ;000019;
033557036    ;000002;
033577305    ;000002;
033578016    ;000001;
033578042    ;000010;
033581012    ;000010;
033581024    ;000002;
033581048    ;000004;
033616020    ;000003;
033617022    ;000001;
033634039    ;000005;
033649017    ;000005;
033649029    ;000017;
033656442    ;000010;
033688019    ;000004;
033688021    ;000007;
033708013    ;000001;
033726035    ;000013;
033727013    ;000002;
033736024    ;000001;
033736036    ;000001;
033736075    ;000002;
033789025    ;000006;
033816048    ;000003;
033871017    ;000013;
033878012    ;000002;
033901048    ;000002;
033913017    ;000002;
033916014    ;000003;
033940038    ;000007;
033951029    ;000003;
033974015    ;000037;
033974027    ;000006;
033974039    ;000012;
033974041    ;000013;
033987013    ;000003;
033987052    ;000013;
034001014    ;000021;
034003018    ;000002;
034015026    ;000006;
034015038    ;000003;
034063014    ;000002;
034076101    ;000001;
034079018    ;000002;
034080010    ;000005;
034080022    ;000002;
034090035    ;000003;
034090136    ;000004;
034090163    ;000004;
034095048    ;000002;
034102261    ;000006;
034110015    ;000005;
034114025    ;000002;
034114076    ;000008;
034114140    ;000002;
034114215    ;000006;
034114292    ;000002;
034115055    ;000003;
034115105    ;000002;
034115117    ;000002;
034117010    ;000002;
034118012    ;000013;
034118024    ;000001;
034128013    ;000001;
034129015    ;000001;
034162053    ;000002;
034167015    ;000004;
034167027    ;000005;
034187144    ;000003;
034187233    ;000002;
034187322    ;000002;
034190013    ;000003;
034190049    ;000004;
034190088    ;000004;
034191015    ;000002;
034191041    ;000005;
034191080    ;000004;
034195038    ;000002;
034206021    ;000001;
034207047    ;000008;
034213049    ;000002;
034216022    ;000006;
034216186    ;000007;
034220032    ;000002;
034233015    ;000001;
034233027    ;000002;
034236341    ;000002;
034237040    ;000001;
034242077    ;000003;
034242103    ;000010;
034246013    ;000005;
034246025    ;000005;
034248171    ;000003;
034261115    ;000003;
034266039    ;000004;
034266054    ;000001;
034292084    ;000002;
034294013    ;000002;
034294102    ;000005;
034298063    ;000002;
034305021    ;000002;
034310021    ;000002;
034326076    ;000003;
034328029    ;000003;
034328068    ;000004;
034328106    ;000001;
034329058    ;000013;
034329122    ;000002;
034358010    ;000019;
034358022    ;000002;
034358034    ;000003;
034358059    ;000025;
034358073    ;000001;
034368074    ;000008;
034368086    ;000010;
034368098    ;000003;
034368100    ;000022;
034398038    ;000010;
034401024    ;000003;
034408017    ;000004;
034408094    ;000015;
034413462    ;000002;
034433096    ;000008;
034433122    ;000005;
034434047    ;000007;
034434187    ;000002;
034435014    ;000002;
034435077    ;000003;
034435139    ;000002;
034445015    ;000001;
034447045    ;000001;
034463048    ;000001;
034463051    ;000004;
034463063    ;000001;
034463125    ;000001;
034473013    ;000001;
034548139    ;000012;
034548141    ;000001;
034548154    ;000017;
034548178    ;000006;
034548204    ;000018;
034560021    ;000001;
034568105    ;000001;
034568143    ;000002;
034570109    ;000003;
034603011    ;000002;
034624460    ;000002;
034667042    ;000011;
034669059    ;000001;
034669174    ;000002;
034674010    ;000001;
034686016    ;000002;
034721098    ;000001;
034749097    ;000002;
034749251    ;000001;
034765139    ;000001;
034765154    ;000001;
034770014    ;000008;
034788012    ;000002;
034789091    ;000002;
034821049    ;000002;
034842031    ;000002;
034859037    ;000009;
034861031    ;000003;
034894030    ;000001;
034895019    ;000006;
034899017    ;000002;
034899043    ;000001;
034921015    ;000003;
034922017    ;000002;
034930014    ;000003;
034930141    ;000003;
034934113    ;000002;
034936031    ;000018;
034936157    ;000021;
034936169    ;000003;
034936171    ;000016;
034952022    ;000003;
034952109    ;000005;
034952186    ;000002;
034952263    ;000003;
034952426    ;000002;
034953024    ;000005;
034953099    ;000008;
034953253    ;000005;
034953416    ;000002;
034954014    ;000014;
034954103    ;000010;
034954180    ;000005;
034954267    ;000006;
034954343    ;000004;
034954420    ;000003;
034972265    ;000003;
034972416    ;000001;
034972442    ;000002;
034996013    ;000001;
034996037    ;000004;
035003033    ;000002;
035023011    ;000015;
035023023    ;000001;
035027034    ;000002;
035035157    ;000003;
035035563    ;000002;
035042035    ;000005;
035046034    ;000002;
035054016    ;000012;
035054028    ;000002;
035054055    ;000027;
035098019    ;000010;
035110016    ;000001;
035144017    ;000002;
035144029    ;000003;
035146012    ;000014;
035146024    ;000026;
035191028    ;000004;
035194063    ;000002;
035194214    ;000003;
035194265    ;000001;
035195205    ;000018;
035195217    ;000002;
035195306    ;000003;
035195332    ;000005;
035201096    ;000094;
035211109    ;000006;
035213014    ;000003;
035213040    ;000118;
035215019    ;000005;
035215021    ;000005;
035215033    ;000002;
035223015    ;000002;
035237015    ;000016;
035237027    ;000008;
035255013    ;000002;
035258021    ;000001;
035260064    ;000002;
035268010    ;000001;
035295082    ;000004;
035297199    ;000007;
035304043    ;000007;
035307305    ;000002;
035313028    ;000002;
035328018    ;000001;
035355015    ;000002;
035364013    ;000001;
035366018    ;000001;
035367299    ;000043;
035367440    ;000028;
035386061    ;000005;
035396011    ;000002;
035400023    ;000015;
035401025    ;000008;
035409010    ;000011;
035415049    ;000003;
035415088    ;000002;
035415090    ;000003;
035415102    ;000005;
035433022    ;000001;
035443011    ;000002;
035444037    ;000016;
035444191    ;000002;
035447022    ;000008;
035449192    ;000002;
035450016    ;000007;
035450028    ;000012;
035464015    ;000001;
035469016    ;000007;
035469028    ;000016;
035500014    ;000009;
035500026    ;000031;
035500040    ;000032;
035542012    ;000029;
035542024    ;000016;
035542036    ;000001;
035556012    ;000002;
035564083    ;000002;
035564222    ;000003;
035568070    ;000002;
035585025    ;000001;
035608025    ;000002;
035608076    ;000004;
035608126    ;000003;
035615069    ;000002;
035618026    ;000003;
035618038    ;000030;
035618053    ;000006;
035618077    ;000006;
035622024    ;000010;
035622036    ;000005;
035622048    ;000010;
035641012    ;000002;
035645035    ;000011;
035648017    ;000001;
035648031    ;000005;
035666080    ;000006;
035672031    ;000001;
035673033    ;000002;
035675141    ;000002;
035677145    ;000001;
035678022    ;000002;
035684012    ;000004;
035700107    ;000003;
035700119    ;000014;
035704016    ;000008;
035705072    ;000002;
035705122    ;000002;
035723016    ;000001;
035728017    ;000001;
035733043    ;000010;
035760038    ;000002;
035760040    ;000011;
035760089    ;000014;
035760103    ;000004;
035767250    ;000014;
035767375    ;000002;
035767654    ;000005;
035768252    ;000008;
035768377    ;000002;
035768656    ;000002;
035780030    ;000005;
035799028    ;000002;
035800034    ;000002;
035812015    ;000004;
035820063    ;000002;
035820164    ;000002;
035820202    ;000002;
035820303    ;000001;
035821065    ;000002;
035821204    ;000003;
035821305    ;000002;
035859040    ;000005;
035867035    ;000010;
035869039    ;000011;
035874015    ;000004;
035883053    ;000004;
035883507    ;000003;
035884206    ;000002;
035884509    ;000002;
035885058    ;000004;
035885209    ;000002;
035885351    ;000002;
035890060    ;000002;
035890209    ;000001;
035890425    ;000003;
035893015    ;000002;
035895010    ;000077;
035928151    ;000003;
035944026    ;000003;
035944038    ;000004;
035998032    ;000003;
036003022    ;000001;
036016145    ;000004;
036017147    ;000004;
036018149    ;000001;
036025017    ;000011;
036025068    ;000007;
036025118    ;000008;
036026019    ;000004;
036026060    ;000054;
036026110    ;000010;
036027062    ;000002;
036038014    ;000001;
036063055    ;000003;
036083020    ;000001;
036083071    ;000003;
036109015    ;000001;
036120032    ;000011;
036157016    ;000007;
036170013    ;000003;
036171039    ;000009;
036171193    ;000004;
036171332    ;000009;
036175026    ;000002;
036193011    ;000018;
036193023    ;000013;
036197022    ;000002;
036215010    ;000001;
036266017    ;000019;
036292050    ;000004;
036309019    ;000017;
036345015    ;000004;
036345027    ;000002;
036346017    ;000001;
036346029    ;000001;
036355055    ;000002;
036355283    ;000026;
036364038    ;000002;
036364040    ;000001;
036367151    ;000002;
036395022    ;000006;
036395034    ;000002;
036397026    ;000003;
036421016    ;000013;
036424012    ;000007;
036452011    ;000002;
036452062    ;000002;
036457556    ;000003;
036462012    ;000011;
036462024    ;000018;
036468015    ;000003;
036476075    ;000001;
036476113    ;000003;
036476125    ;000004;
036476176    ;000001;
036476188    ;000002;
036480010    ;000006;
036487116    ;000003;
036498032    ;000001;
036512022    ;000001;
036522011    ;000004;
036522023    ;000003;
036535019    ;000062;
036536011    ;000003;
036555050    ;000012;
036564045    ;000001;
036571038    ;000004;
036580025    ;000004;
036626012    ;000009;
036628016    ;000016;
036628028    ;000002;
036635011    ;000014;
036635023    ;000005;
036635047    ;000018;
036635050    ;000019;
036635062    ;000005;
036635086    ;000016;
036635098    ;000036;
036635136    ;000001;
036640100    ;000003;
036653018    ;000010;
036661015    ;000036;
036679064    ;000002;
036679367    ;000001;
036683011    ;000004;
036683023    ;000005;
036685028    ;000001;
036685042    ;000001;
036690067    ;000003;
036698037    ;000021;
036702025    ;000005;
036739023    ;000001;
036743019    ;000002;
036747032    ;000001;
036764025    ;000016;
036764049    ;000008;
036779080    ;000006;
036779256    ;000003;
036780373    ;000007;
036780637    ;000001;
036786010    ;000006;
036794016    ;000007;
036802015    ;000074;
036803017    ;000004;
036803029    ;000004;
036823021    ;000004;
036824023    ;000003;
036845079    ;000003;
036853012    ;000003;
036862023    ;000001;
036874055    ;000022;
036875019    ;000002;
036876011    ;000001;
036891012    ;000021;
036891048    ;000009;
036891051    ;000013;
036891087    ;000001;
036904326    ;000012;
036923011    ;000001;
036923023    ;000004;
036942011    ;000008;
036942023    ;000004;
036945018    ;000002;
036959043    ;000002;
036959094    ;000004;
036976013    ;000014;
036993032    ;000004;
036996039    ;000002;
037002045    ;000006;
037002060    ;000020;
037007034    ;000037;
037007236    ;000042;
037014053    ;000004;
037021021    ;000003;
037040058    ;000028;
037062039    ;000004;
037083019    ;000003;
037104015    ;000013;
037108026    ;000022;
037108139    ;000002;
037108242    ;000002;
037109028    ;000002;
037109131    ;000010;
037109244    ;000003;
037109360    ;000003;
037110020    ;000001;
037110133    ;000001;
037126137    ;000010;
037130046    ;000008;
037136013    ;000005;
037136037    ;000001;
037136052    ;000001;
037140011    ;000009;
037140047    ;000002;
037145012    ;000002;
037146026    ;000001;
037146040    ;000002;
037160049    ;000002;
037194089    ;000004;
037206214    ;000002;
037228069    ;000005;
037258011    ;000015;
037258035    ;000006;
037258175    ;000004;
037258199    ;000003;
037291010    ;000001;
037291046    ;000001;
037291097    ;000001;
037317029    ;000008;
037317043    ;000002;
037318021    ;000005;
037331028    ;000004;
037364039    ;000002;
037371022    ;000015;
037371046    ;000014;
037374257    ;000007;
037397015    ;000014;
037397027    ;000027;
037397039    ;000026;
037405026    ;000008;
037412158    ;000038;
037415015    ;000009;
037439041    ;000021;
037439155    ;000011;
037439268    ;000007;
037452063    ;000015;
037473081    ;000005;
037479060    ;000020;
037479159    ;000002;
037479209    ;000005;
037485075    ;000004;
037495025    ;000020;
037506033    ;000003;
037507213    ;000007;
037509332    ;000001;
037518026    ;000001;
037518065    ;000001;
037551025    ;000002;
037551076    ;000001;
037557016    ;000004;
037564046    ;000002;
037564097    ;000001;
037565049    ;000002;
037593302    ;000002;
037594088    ;000002;
037603077    ;000002;
037621048    ;000060;
037621202    ;000010;
037621226    ;000040;
037621404    ;000036;
037623093    ;000001;
037626037    ;000011;
037626052    ;000013;
037626138    ;000013;
037626153    ;000029;
037629045    ;000004;
037645013    ;000002;
037654011    ;000036;
037661028    ;000007;
037666017    ;000001;
037674013    ;000003;
037682236    ;000004;
037682251    ;000008;
037683339    ;000002;
037684040    ;000003;
037685029    ;000002;
037692023    ;000002;
037692035    ;000003;
037692047    ;000006;
037692276    ;000002;
037696010    ;000002;
037700010    ;000007;
037718018    ;000008;
037718020    ;000025;
037720202    ;000004;
037734011    ;000004;
037736016    ;000004;
037736028    ;000002;
037742196    ;000003;
037769039    ;000008;
037770068    ;000013;
037789106    ;000004;
037806039    ;000016;
037837022    ;000010;
037850017    ;000002;
037858014    ;000004;
037868015    ;000023;
037879107    ;000001;
037879234    ;000002;
037880061    ;000004;
037887015    ;000001;
037888068    ;000005;
037891013    ;000063;
037930029    ;000004;
038031163    ;000001;
038040022    ;000006;
038060063    ;000010;
038060075    ;000002;
038074175    ;000001;
038075014    ;000002;
038082020    ;000008;
038082044    ;000018;
038082285    ;000010;
038082309    ;000071;
038092019    ;000073;
038092021    ;000013;
038092045    ;000035;
038098341    ;000007;
038098707    ;000010;
038117038    ;000004;
038132054    ;000006;
038135012    ;000001;
038135075    ;000001;
038140012    ;000009;
038204020    ;000001;
038204032    ;000001;
038214033    ;000002;
038239012    ;000006;
038253062    ;000002;
038257022    ;000007;
038257085    ;000008;
038257162    ;000006;
038261095    ;000001;
038261208    ;000001;
038264038    ;000015;
038308019    ;000002;
038316028    ;000004;
038316218    ;000004;
038316422    ;000003;
038316648    ;000003;
038317020    ;000003;
038343024    ;000008;
038343036    ;000001;
038353025    ;000002;
038370019    ;000001;
038372076    ;000025;
038373027    ;000003;
038415016    ;000018;
038415028    ;000015;
038422010    ;000002;
038423012    ;000007;
038438038    ;000002;
038440020    ;000006;
038440044    ;000054;
038440145    ;000006;
038440160    ;000024;
038460174    ;000006;
038466037    ;000013;
038466076    ;000011;
038466088    ;000016;
038466138    ;000013;
038477079    ;000003;
038477218    ;000002;
038477358    ;000004;
038477497    ;000002;
038483071    ;000005;
038483347    ;000002;
038483487    ;000001;
038497032    ;000002;
038500118    ;000001;
038516023    ;000035;
038548032    ;000008;
038555013    ;000001;
038565141    ;000004;
038566042    ;000007;
038568147    ;000002;
038580027    ;000002;
038593012    ;000008;
038644011    ;000006;
038660015    ;000001;
038660039    ;000001;
038660054    ;000001;
038699029    ;000001;
038699082    ;000002;
038700050    ;000002;
038706040    ;000012;
038714010    ;000003;
038760017    ;000014;
038764078    ;000002;
038782013    ;000001;
038791024    ;000005;
038811042    ;000019;
038811143    ;000014;
038811232    ;000001;
038811434    ;000001;
038811535    ;000002;
038812018    ;000001;
038813010    ;000003;
038828188    ;000003;
038835043    ;000003;
038835144    ;000002;
038837011    ;000009;
038873030    ;000002;
038873055    ;000002;
038880050    ;000003;
038880074    ;000002;
038902019    ;000012;
038946012    ;000029;
038946075    ;000003;
038946137    ;000006;
038947026    ;000008;
038947139    ;000006;
038947242    ;000001;
038948030    ;000001;
038965277    ;000002;
038986016    ;000002;
039014206    ;000002;
039038195    ;000006;
039064011    ;000006;
039115023    ;000002;
039115047    ;000002;
039153022    ;000002;
039153123    ;000005;
039153224    ;000001;
039153628    ;000003;
039181033    ;000012;
039181096    ;000006;
039182035    ;000001;
039188026    ;000004;
039200035    ;000001;
039202167    ;000008;
039213018    ;000004;
039221015    ;000002;
039224047    ;000002;
039227044    ;000003;
039233034    ;000032;
039233046    ;000016;
039366036    ;000013;
039406057    ;000009;
039420043    ;000002;
039427063    ;000002;
039436023    ;000001;
039485014    ;000004;
039505021    ;000002;
039508015    ;000059;
039538018    ;000011;
039538032    ;000001;
039554011    ;000008;
039586045    ;000004;
039586159    ;000005;
039586262    ;000006;
039611013    ;000006;
039620012    ;000001;
039626027    ;000002;
039626039    ;000004;
039641081    ;000002;
039655016    ;000002;
039657022    ;000003;
039664026    ;000005;
039664077    ;000002;
039674039    ;000002;
039674155    ;000003;
039729013    ;000001;
039754027    ;000008;
039759016    ;000002;
039763091    ;000002;
039773027    ;000001;
039775046    ;000002;
039775111    ;000006;
039789045    ;000010;
039789110    ;000011;
039815028    ;000011;
039815156    ;000009;
039815271    ;000008;
039846175    ;000012;
039870035    ;000016;
039870124    ;000018;
039870213    ;000009;
039901018    ;000002;
040043022    ;000010;
040116016    ;000008;
040121028    ;000001;
040144026    ;000003;
040144038    ;000003;
040180059    ;000014;
040180147    ;000089;
040186013    ;000002;
040201042    ;000026;
040201079    ;000015;
040231019    ;000004;
040235069    ;000010;
040235196    ;000008;
040246011    ;000004;
040259069    ;000002;
040274019    ;000013;
040274033    ;000009;
040274045    ;000002;
040274058    ;000002;
040303024    ;000003;
040303099    ;000005;
040313049    ;000028;
040313076    ;000040;
040347015    ;000001;
040368021    ;000014;
040422420    ;000011;
040422545    ;000007;
040423840    ;000012;
040504019    ;000001;
040508311    ;000001;
040510152    ;000001;
040518019    ;000001;
040540054    ;000002;
040580019    ;000003;
040589119    ;000006;
040589273    ;000002;
040597041    ;000007;
040610127    ;000005;
040619254    ;000001;
040619468    ;000001;
040622033    ;000005;
040627010    ;000005;
040627022    ;000002;
040628024    ;000002;
040628048    ;000003;
040628063    ;000003;
040629026    ;000003;
040629040    ;000005;
040629065    ;000005;
040639104    ;000002;
040650020    ;000002;
040657025    ;000002;
040668016    ;000024;
040668079    ;000007;
040681025    ;000002;
040710016    ;000006;
040721072    ;000001;
040724041    ;000002;
040733040    ;000019;
040782219    ;000006;
040792018    ;000006;
040815019    ;000001;
040829018    ;000002;
040829020    ;000001;
040838082    ;000002;
040854022    ;000019;
040866016    ;000005;
040866030    ;000006;
040868198    ;000002;
040870014    ;000001;
040924019    ;000004;
040943019    ;000001;
041045028    ;000002;
041045079    ;000001;
041056019    ;000001;
041056021    ;000009;
041071046    ;000007;
041105038    ;000002;
041110141    ;000003;
041128036    ;000002;
041155060    ;000008;
041167026    ;000001;
041174020    ;000001;
041182015    ;000003;
041183118    ;000023;
041183195    ;000011;
041195049    ;000001;
041213012    ;000001;
041216045    ;000002;
041219027    ;000008;
041273018    ;000003;
041306604    ;000002;
041315021    ;000001;
041315033    ;000001;
041317013    ;000001;
041376310    ;000002;
041376486    ;000006;
041390016    ;000003;
041390030    ;000003;
041395029    ;000011;
041400019    ;000005;
041400021    ;000002;
041407014    ;000002;
041411012    ;000002;
041411024    ;000003;
041450014    ;000011;
041466160    ;000003;
041467034    ;000003;
041472046    ;000020;
041510025    ;000010;
041513021    ;000002;
041513033    ;000002;
041545031    ;000019;
041573128    ;000003;
041581240    ;000012;
041606120    ;000002;
041610027    ;000001;
041619014    ;000003;
041619065    ;000001;
041626033    ;000001;
041631021    ;000018;
041631033    ;000014;
041646011    ;000001;
041734017    ;000073;
041734029    ;000021;
041762016    ;000005;
041762028    ;000002;
041766015    ;000001;
041797010    ;000001;
041797022    ;000002;
041803127    ;000001;
041808039    ;000003;
041851054    ;000004;
041851294    ;000002;
041851534    ;000002;
041906037    ;000038;
041907015    ;000002;
041914084    ;000001;
041914134    ;000003;
041957034    ;000001;
041962010    ;000013;
041962034    ;000023;
041974306    ;000006;
042000024    ;000030;
042005013    ;000012;
042028011    ;000104;
042028023    ;000134;
042028047    ;000002;
042028050    ;000094;
042045017    ;000024;
042056010    ;000001;
042070058    ;000003;
042101016    ;000003;
042117010    ;000001;
042121107    ;000001;
042121121    ;000012;
042139016    ;000001;
042154017    ;000023;
042154029    ;000011;
042178018    ;000005;
042179010    ;000068;
042180048    ;000037;
042181317    ;000002;
042190037    ;000006;
042223053    ;000004;
042223065    ;000002;
042223089    ;000001;
042223103    ;000001;
042269011    ;000002;
042294025    ;000001;
042306035    ;000010;
042312025    ;000002;
042368023    ;000004;
042368035    ;000009;
042368047    ;000008;
042407066    ;000006;
042407116    ;000006;
042407167    ;000008;
042407217    ;000003;
042436030    ;000004;
042461057    ;000013;
042470029    ;000008;
042499032    ;000006;
042502017    ;000003;
042502043    ;000011;
042502056    ;000011;
042503045    ;000003;
042508046    ;000002;
042508073    ;000003;
042508109    ;000024;
042508135    ;000001;
042508162    ;000003;
042508198    ;000001;
042554042    ;000038;
042563066    ;000013;
042569018    ;000002;
042578068    ;000001;
042578260    ;000004;
042583029    ;000002;
042637013    ;000014;
042639017    ;000016;
042643039    ;000003;
042643041    ;000001;
042647103    ;000002;
042648016    ;000002;
042685040    ;000014;
042711010    ;000001;
042725010    ;000001;
042725022    ;000004;
042725034    ;000005;
042740023    ;000006;
042740035    ;000008;
042740047    ;000007;
042751014    ;000015;
042754010    ;000056;
042754022    ;000004;
042754034    ;000011;
042754046    ;000033;
042754061    ;000008;
042763021    ;000001;
042775015    ;000001;
042810010    ;000017;
042822015    ;000002;
042822027    ;000006;
042854024    ;000002;
042854048    ;000002;
042863023    ;000002;
042864025    ;000002;
042864049    ;000004;
042864064    ;000002;
042864088    ;000002;
042869014    ;000002;
042876058    ;000002;
042876084    ;000001;
042896035    ;000018;
042910051    ;000002;
042922017    ;000004;
042922029    ;000005;
042930014    ;000004;
042941056    ;000001;
042962011    ;000049;
042962023    ;000026;
042964015    ;000002;
042984031    ;000026;
042984043    ;000029;
043031032    ;000003;
043042047    ;000006;
043050018    ;000003;
043114014    ;000003;
043154020    ;000008;
043154057    ;000002;
043187020    ;000011;
043187107    ;000021;
043187362    ;000002;
043204015    ;000001;
043231012    ;000006;
043258084    ;000001;
043274404    ;000001;
043280015    ;000020;
043280039    ;000091;
043280054    ;000012;
043295031    ;000004;
043310010    ;000002;
043322027    ;000006;
043322039    ;000003;
043322054    ;000003;
043337029    ;000013;
043374026    ;000002;
043418058    ;000011;
043418209    ;000016;
043418351    ;000007;
043418464    ;000004;
043426028    ;000003;
043426093    ;000003;
043426232    ;000002;
043427018    ;000002;
043427071    ;000002;
043444025    ;000001;
043446020    ;000003;
043446057    ;000002;
043463025    ;000002;
043474030    ;000002;
043496037    ;000003;
043496102    ;000003;
043496266    ;000003;
043506017    ;000001;
043506031    ;000001;
043507045    ;000005;
043546050    ;000001;
043548041    ;000001;
043604026    ;000003;
043604038    ;000002;
043663044    ;000001;
043674011    ;000047;
043674035    ;000002;
043674047    ;000002;
043688023    ;000003;
043699014    ;000001;
043720034    ;000136;
043720046    ;000018;
043720059    ;000034;
043720061    ;000011;
043749504    ;000003;
043786033    ;000013;
043832017    ;000002;
043834011    ;000009;
043854025    ;000003;
043868025    ;000001;
043901038    ;000002;
043904010    ;000001;
043918046    ;000006;
043918147    ;000014;
043941020    ;000010;
043943048    ;000010;
043999010    ;000004;
043999022    ;000003;
043999034    ;000004;
044007019    ;000002;
044047013    ;000002;
044061036    ;000001;
044089187    ;000003;
044091027    ;000002;
044144018    ;000026;
044155012    ;000003;
044161026    ;000002;
044161040    ;000001;
044186029    ;000001;
044207013    ;000007;
044231013    ;000001;
044256028    ;000003;
044256055    ;000005;
044256117    ;000002;
044319034    ;000001;
044319299    ;000004;
044322016    ;000009;
044350027    ;000005;
044358075    ;000001;
044359065    ;000003;
044359103    ;000001;
044359115    ;000004;
044359141    ;000006;
044443012    ;000001;
044449015    ;000002;
044459016    ;000003;
044460018    ;000008;
044460020    ;000013;
044475022    ;000010;
044475073    ;000018;
044581015    ;000001;
044595015    ;000037;
044602035    ;000004;
044608026    ;000001;
044608065    ;000017;
044612024    ;000003;
044612036    ;000009;
044612075    ;000001;
044626024    ;000001;
044631277    ;000002;
044635011    ;000002;
044693188    ;000011;
044738019    ;000004;
044777023    ;000001;
044802104    ;000002;
044810036    ;000014;
044881011    ;000001;
044883066    ;000002;
044915015    ;000023;
044916017    ;000008;
044921029    ;000002;
044922021    ;000009;
044922084    ;000008;
044922146    ;000001;
044922209    ;000006;
044947024    ;000018;
044970200    ;000004;
044986014    ;000002;
045052014    ;000002;
045054020    ;000002;
045104039    ;000001;
045116023    ;000002;
045140011    ;000064;
045140023    ;000120;
045140047    ;000040;
045160037    ;000008;
045210010    ;000003;
045241039    ;000002;
045241041    ;000001;
045284027    ;000002;
045304019    ;000002;
045304021    ;000002;
045304033    ;000002;
045307028    ;000008;
045321027    ;000003;
045350055    ;000003;
045350156    ;000005;
045350257    ;000004;
045386075    ;000005;
045411016    ;000001;
045432010    ;000004;
045432022    ;000002;
045448038    ;000002;
045468028    ;000001;
045476203    ;000001;
045489109    ;000002;
045513025    ;000001;
045513177    ;000001;
045517012    ;000001;
045606124    ;000001;
045784016    ;000001;
045790021    ;000001;
045832019    ;000002;
045832033    ;000003;
045870185    ;000002;
045876012    ;000018;
045933013    ;000001;
045934231    ;000002;
045949017    ;000015;
045995091    ;000002;
046012011    ;000003;
046119020    ;000003;
046169025    ;000001;
046221014    ;000002;
046269142    ;000002;
046271021    ;000005;
046282087    ;000003;
046444016    ;000003;
046461012    ;000001;
046503049    ;000001;
046539019    ;000005;
046539021    ;000001;
046543017    ;000001;
046602013    ;000003;
046679027    ;000007;
046754014    ;000003;
046769016    ;000001;
046817019    ;000003;
046860058    ;000003;
047048018    ;000002;
047074012    ;000011;
047302017    ;000008;
047302029    ;000018;
047302043    ;000009;
047312018    ;000001;
047430018    ;000006;
047436163    ;000013;
047441011    ;000001;
047442013    ;000001;
047442025    ;000001;
047513015    ;000003;
047541026    ;000010;
047576032    ;000002;
047583012    ;000002;
047583152    ;000002;
047735016    ;000001;
047839016    ;000002;
047871013    ;000002;
047880012    ;000002;
048010033    ;000002;
048049011    ;000001;
048087011    ;000002;
048168013    ;000001;
048277014    ;000001;
048414104    ;000001;
048424042    ;000001;
048492019    ;000005;
048499038    ;000001;
048509069    ;000002;
048509083    ;000002;
048574014    ;000002;
048639064    ;000002;
048806018    ;000001;
048964023    ;000001;
049013016    ;000001;
049255058    ;000001;
049310016    ;000004;
049310028    ;000001;
049310030    ;000015;
049331010    ;000001;
049424017    ;000002;
049524010    ;000003;
049551017    ;000001;
049739016    ;000005;
049753015    ;000017;
100001015    ;000002;
100001027    ;000001;
100001078    ;000005;
100021017    ;000003;
100021031    ;000002;
100021056    ;000002;
100021082    ;000001;
100023011    ;000001;
100052012    ;000001;
100067014    ;000001;
100085051    ;000001;
100105030    ;000001;
100155124    ;000001;
100155136    ;000001;
100155148    ;000001;
100155199    ;000001;
100167016    ;000002;
101332017    ;000001;
101962076    ;000001;
101962126    ;000002;
102159011    ;000002;
102241015    ;000003;
102243033    ;000003;
102243045    ;000002;
102288026    ;000001;
102586043    ;000002;
102591029    ;000002;
102796048    ;000001;
102801014    ;000001;
102901016    ;000001;
102901042    ;000001;
103028041    ;000001;
103040010    ;000001;
103501033    ;000002;
103615175    ;000001;
103626040    ;000001;
103626053    ;000002;
103627042    ;000001;
103627055    ;000001;
103628044    ;000001;
103629046    ;000001;
103647032    ;000012;
103653010    ;000002;
103653046    ;000001;
103655027    ;000004;
103655080    ;000003;
103686010    ;000003;
103703029    ;000001;
103747150    ;000001;
103747299    ;000001;
103747438    ;000002;
103771046    ;000002;
103832010    ;000001;
103832034    ;000001;
103874032    ;000001;
103945010    ;000001;
103970024    ;000001;
103970099    ;000001;
104055013    ;000002;
104095017    ;000001;
104095029    ;000001;
104171020    ;000002;
104287040    ;000002;
104287103    ;000001;
104319140    ;000001;
104323112    ;000001;
104323199    ;000001;
104323276    ;000001;
104373030    ;000003;
104378068    ;000001;
104391065    ;000002;
104501010    ;000001;
104514017    ;000001;
104532015    ;000001;
104656018    ;000001;
104656032    ;000001;
104656057    ;000002;
104656069    ;000001;
104656210    ;000001;
104672086    ;000003;
104715040    ;000002;
104715077    ;000004;
104715089    ;000001;
104715103    ;000004;
104715115    ;000001;
104715141    ;000001;
104715228    ;000004;
104715267    ;000001;
104720115    ;000001;
104808011    ;000002;
104809013    ;000002;
104862091    ;000002;
104873068    ;000001;
104873082    ;000001;
104873094    ;000001;
104873120    ;000001;
104873157    ;000002;
104880012    ;000002;
104919016    ;000001;
104968033    ;000001;
104984051    ;000002;
105108233    ;000001;
105233035    ;000005;
105235067    ;000001;
105384010    ;000001;
105604197    ;000001;
800027815    ;000001;
800028161    ;000002;
800149015    ;000002;
800149039    ;000002;
800149066    ;000001;
800149116    ;000001;
800161150    ;000007;
800164838    ;000007;
800164877    ;000001;
800165072    ;000001;
800165110    ;000001;
800282699    ;000001;
800390179    ;000001;
800423523    ;000001;
800424727    ;000001;
800467060    ;000001;
800490157    ;000007;
800591101    ;000016;
800591998    ;000001;
800817900    ;000001;
800940367    ;000004;
801210434    ;000001;
801290255    ;000001;
801458985    ;000011;
801462882    ;000001;
801479039    ;000002;
801812049    ;000001;
802125930    ;000001;
802288353    ;000001;
802441699    ;000006;
802519241    ;000007;
802519254    ;000001;
802519266    ;000007;
881116370    ;000001;
881502660    ;000001;
881506341    ;000002;
881597987    ;000008;
881632576    ;000001;
900059991    ;000001;
900095769    ;000001;
900125269    ;000002;
900141829    ;000001;
900169246    ;000003;
900200534    ;000001;
900215827    ;000001;
900278882    ;000002;
900343942    ;000002;
900354376    ;000002;
900354693    ;000007;
900390776    ;000003;
900393986    ;000001;
900495250    ;000001;
900509528    ;000001;
900602436    ;000004;
900605217    ;000001;
900741582    ;000001;
900759705    ;000001;
900780471    ;000002;
900811668    ;000001;
900837550    ;000007;
900890993    ;000002;
900961210    ;000001;
900996366    ;000001;
901017640    ;000002;
901039154    ;000001;
901074385    ;000001;
901078485    ;000002;
901130397    ;000001;
901150134    ;000001;
901157495    ;000001;
901239552    ;000003;
901239576    ;000001;
901249742    ;000002;
901321240    ;000001;
901424200    ;000001;
901481642    ;000007;
901542237    ;000002;
901558876    ;000001;
901582066    ;000003;
901644702    ;000001;
901645907    ;000001;
901772739    ;000001;
901851030    ;000002;
902041146    ;000001;
902052719    ;000003;
902068725    ;000001;
902077383    ;000001;
902078791    ;000002;
902171495    ;000001;
902182005    ;000001;
902235353    ;000001;
902283454    ;000003;
902442262    ;000002;
902503390    ;000001;
902525791    ;000001;
902530563    ;000002;
902534294    ;000002;
902549652    ;000008;
902552191    ;000002;
902557812    ;000002;
902558360    ;000005;
902595356    ;000001;
902649298    ;000028;
902659933    ;000001;
902664770    ;000001;
902681675    ;000001;
902689456    ;000001;
902697679    ;000002;
902726696    ;000002;
902890235    ;000001;
902897014    ;000001;
902908615    ;000003;
903034294    ;000001;
903068031    ;000002;
903201945    ;000009;
903204941    ;000002;
903254201    ;000001;
903289041    ;000001;
903364610    ;000001;
903367148    ;000008;
903529788    ;000001;
903569287    ;000002;
903594669    ;000001;
903602086    ;000005;
903622088    ;000013;
903622090    ;000023;
903664732    ;000001;
903675977    ;000001;
903773291    ;000001;
903885616    ;000001;
903960553    ;000001;
903964904    ;000001;
903964930    ;000001;
903965046    ;000001;
904015791    ;000006;
904024243    ;000001;
904063219    ;000001;
904068463    ;000002;
904090103    ;000003;
904104193    ;000006;
904213410    ;000003;
904234325    ;000002;
904266210    ;000004;
904361387    ;000003;
904426602    ;000001;
904440981    ;000001;
904441817    ;000001;
904452428    ;000001;
904452962    ;000001;
904454663    ;000015;
904459361    ;000001;
904546037    ;000001;
904546544    ;000003;
904556976    ;000002;
904567447    ;000001;
904610488    ;000001;
904612191    ;000001;
904642055    ;000003;
904705213    ;000001;
904711645    ;000001;
904711708    ;000002;
904733363    ;000005;
904733425    ;000001;
904736713    ;000002;
904931161    ;000001;
904932163    ;000002;
904982624    ;000001;
904985886    ;000001;
904990177    ;000002;
905035453    ;000001;
905039931    ;000001;
905055594    ;000002;
905080432    ;000001;
905086740    ;000002;
905123042    ;000001;
905324137    ;000012;
905338051    ;000002;
905351387    ;000013;
905355297    ;000001;
905365894    ;000017;
905428874    ;000003;
905507760    ;000006;
905603066    ;000001;
905617938    ;000077;
905675916    ;000010;
905724011    ;000001;
905733731    ;000001;
905818769    ;000001;
905858003    ;000002;
905861389    ;000001;
905894527    ;000005;
905947382    ;000001;
905989327    ;000001;
905990863    ;000002;
906027230    ;000003;
906059427    ;000002;
906066788    ;000002;
906103611    ;000005;
906128323    ;000001;
906128677    ;000001;
906175827    ;000070;
906485798    ;000002;
906494291    ;000001;
906553399    ;000002;
906671666    ;000001;
906677885    ;000001;
906677950    ;000001;
906700911    ;000001;
906705999    ;000001;
906722222    ;000016;
906851668    ;000001;
906989138    ;000001;
907002923    ;000001;
907052056    ;000001;
907062362    ;000018;
907101024    ;000006;
907116154    ;000002;
907146777    ;000004;
907228098    ;000001;
907234835    ;000001;
907280313    ;000002;
907317352    ;000032;
907901185    ;000001;
907901209    ;000001;
907902682    ;000002;
908219569    ;000001;
908333103    ;000001;
908375850    ;000001;
908479330    ;000002;
908483605    ;000017;
908539101    ;000001;
908569977    ;000001;
908604147    ;000003;
908747544    ;000001;
908773435    ;000001;
908972250    ;000001;
908990169    ;000001;
909000756    ;000001;
909005100    ;000001;
909063505    ;000001;
909108363    ;000001;
909128631    ;000001;
909210116    ;000001;
909248751    ;000012;
909273031    ;000001;
909273676    ;000003;
909286205    ;000006;
909286217    ;000007;
909286229    ;000006;
909286243    ;000003;
909286256    ;000006;
909286268    ;000008;
909425858    ;000001;
909462463    ;000001;
909462816    ;000001;
909462893    ;000001;
909467641    ;000001;
909467678    ;000002;
909467728    ;000002;
909467906    ;000002;
909468047    ;000001;
909468365    ;000001;
909468389    ;000002;
909468516    ;000001;
909469429    ;000001;
909474912    ;000003;
909475170    ;000004;
909475321    ;000022;
909475358    ;000001;
909475384    ;000003;
909475408    ;000006;
909475612    ;000010;
909475663    ;000002;
909476602    ;000002;
909478796    ;000001;
909748675    ;000006;
909749412    ;000001;
909760504    ;000001;
909840415    ;000001;
909840504    ;000001;
909893238    ;000014;
909917852    ;000001;
909971398    ;000003;
910819186    ;000002;
910835394    ;000001;
911151696    ;000001;
911974448    ;000001;
912033661    ;000002;
912033673    ;000001;
912033685    ;000002;
912111111    ;000002;
912256070    ;000001;
912323627    ;000002;
912346552    ;000001;
912380007    ;000013;
912380019    ;000019;
912380058    ;000031;
912380060    ;000055;
912380072    ;000007;
912380084    ;000079;
912380110    ;000011;
912380146    ;000014;
912380159    ;000009;
912380161    ;000012;
912380173    ;000016;
912380209    ;000001;
912650342    ;000001;
912907882    ;000001;
913214185    ;000009;
913228072    ;000014;
913228096    ;000012;
913500575    ;000003;
913665915    ;000001;
913744684    ;000001;
913744722    ;000001;
916106800    ;000001;
916106824    ;000007;
920010004    ;000015;
920036276    ;000003;
920242690    ;000002;
920348493    ;000001;
920376581    ;000003;
920590736    ;000001;
920602467    ;000007;
920802826    ;000002;
920892217    ;000004;
920912730    ;000001;
921144402    ;000007;
921144426    ;000006;
921200883    ;000001;
921222648    ;000001;
921234151    ;000002;
921383295    ;000001;
921386088    ;000001;
921508432    ;000010;
921530352    ;000006;
921550620    ;000001;
921671412    ;000002;
921721268    ;000008;
921735229    ;000002;
921735256    ;000001;
921735270    ;000001;
921805457    ;000021;
921856252    ;000001;
922017811    ;000002;
922194461    ;000003;
922265323    ;000001;
922291834    ;000001;
922332426    ;000003;
922378183    ;000001;
922394705    ;000001;
922931896    ;000003;
922933116    ;000003;
922987161    ;000002;
922990876    ;000015;
922992918    ;000011;
923022735    ;000001;
923135343    ;000001;
923135356    ;000001;
923139505    ;000002;
923204604    ;000008;
923208906    ;000005;
923212930    ;000001;
923304950    ;000001;
923324711    ;000001;
923384477    ;000001;
923448714    ;000010;
923488225    ;000003;
923500300    ;000001;
923503243    ;000001;
923511341    ;000002;
923511834    ;000001;
923587164    ;000001;
923588192    ;000001;
923738025    ;000007;
923743304    ;000001;
923766101    ;000001;
923785620    ;000006;
923787814    ;000001;
923788982    ;000001;
923811739    ;000010;
924174473    ;000004;
924221548    ;000001;
924262912    ;000001;
924280353    ;000001;
924299302    ;000004;
924299326    ;000001;
924526104    ;000001;
924760984    ;000001;
924846494    ;000001;
924846506    ;000004;
924847193    ;000004;
924893668    ;000016;
924893682    ;000006;
924893720    ;000012;
924893732    ;000012;
924911478    ;000001;
924922178    ;000003;
924957208    ;000001;
924961360    ;000001;
924994914    ;000001;
925005668    ;000005;
925038679    ;000001;
925038996    ;000003;
925042119    ;000001;
925223327    ;000010;
925329195    ;000008;
925329207    ;000003;
925373110    ;000003;
925383135    ;000001;
925498394    ;000015;
925512636    ;000002;
925513828    ;000001;
925529620    ;000009;
925562504    ;000001;
925596811    ;000002;
925596898    ;000006;
925599971    ;000003;
925700890    ;000002;
925832988    ;000022;
925925935    ;000001;
925930190    ;000025;
926023831    ;000001;
926065487    ;000001;
926231402    ;000002;
926243407    ;000001;
926252709    ;000002;
926264084    ;000047;
926409638    ;000001;
926561465    ;000012;
926561491    ;000001;
926562719    ;000008;
926562861    ;000001;
926563610    ;000001;
926565045    ;000005;
926621525    ;000001;
926622236    ;000001;
926636527    ;000001;
926673892    ;000018;
926673904    ;000013;
926737697    ;000002;
926742469    ;000002;
926817469    ;000001;
926827775    ;000002;
926828498    ;000001;
926888785    ;000003;
926891995    ;000001;
927041816    ;000001;
927091203    ;000004;
927091227    ;000003;
927092445    ;000003;
927106854    ;000001;
927108415    ;000001;
927117251    ;000002;
927170492    ;000004;
927185482    ;000001;
927185506    ;000002;
927288860    ;000002;
927291068    ;000011;
927294619    ;000001;
927498535    ;000001;
927499552    ;000001;
927501080    ;000001;
927598146    ;000009;
927762575    ;000004;
930007354    ;000001;
930099559    ;000002;
930099597    ;000002;
930122888    ;000001;
930125190    ;000001;
930150305    ;000042;
930160508    ;000001;
930164708    ;000001;
930192531    ;000009;
930209869    ;000001;
930260500    ;000001;
930263429    ;000001;
930267695    ;000001;
930270549    ;000001;
930327008    ;000014;
930362482    ;000001;
930373485    ;000001;
930494113    ;000001;
930498187    ;000004;
930515768    ;000001;
930525771    ;000007;
930530326    ;000002;
930530593    ;000002;
930530605    ;000001;
930530617    ;000002;
930530631    ;000002;
930530670    ;000002;
930530732    ;000009;
930550254    ;000001;
930577402    ;000001;
930621901    ;000006;
930624301    ;000017;
930625203    ;000014;
930625506    ;000003;
930663392    ;000001;
930668355    ;000001;
930669763    ;000001;
930689486    ;000007;
930702749    ;000001;
930775958    ;000001;
930851302    ;000001;
930871785    ;000001;
930872559    ;000001;
930890571    ;000002;
930923331    ;000004;
930957067    ;000002;
931010589    ;000001;
931026924    ;000002;
931027460    ;000002;
931028524    ;000001;
931042206    ;000007;
931051799    ;000005;
931058782    ;000001;
931079065    ;000001;
931118158    ;000002;
931143388    ;000001;
931147918    ;000003;
931153314    ;000002;
931162313    ;000004;
931169876    ;000001;
931204200    ;000005;
931204503    ;000002;
931340766    ;000007;
931340804    ;000002;
931340816    ;000011;
931345589    ;000002;
931370567    ;000001;
931382764    ;000002;
931402681    ;000002;
931439398    ;000002;
931449312    ;000002;
931464034    ;000001;
931477133    ;000003;
931490104    ;000001;
931521569    ;000002;
931575878    ;000004;
931580575    ;000001;
931588418    ;000005;
931593610    ;000001;
931607434    ;000001;
931608095    ;000001;
931608196    ;000006;
931642122    ;000002;
931644696    ;000004;
931645636    ;000001;
931646350    ;000001;
931652756    ;000001;
931653897    ;000001;
931655171    ;000001;
931660981    ;000015;
931669523    ;000001;
931771289    ;000002;
931809952    ;000001;
931846570    ;000001;
931852178    ;000001;
931925109    ;000010;
931950796    ;000001;
931954630    ;000001;
931962625    ;000001;
931989329    ;000004;
932220852    ;000001;
932247339    ;000001;
932252618    ;000001;
932282205    ;000002;
932301652    ;000001;
932447307    ;000001;
932501392    ;000003;
932501416    ;000003;
932519352    ;000004;
932654167    ;000002;
932654585    ;000001;
932677533    ;000002;
932698893    ;000001;
932706916    ;000007;
932707565    ;000003;
932707577    ;000002;
932709809    ;000002;
932711649    ;000002;
932718354    ;000001;
932720939    ;000001;
932731666    ;000001;
933009363    ;000001;
933080196    ;000018;
933160400    ;000002;
933161869    ;000001;
933161895    ;000001;
933201509    ;000001;
933302147    ;000008;
933332621    ;000001;
933432965    ;000001;
933454213    ;000001;
933532741    ;000002;
933532754    ;000001;
933543807    ;000001;
933622209    ;000001;
933779112    ;000002;
933904664    ;000001;
933907154    ;000001;
934013703    ;000001;
934026838    ;000001;
934028693    ;000001;
934028794    ;000001;
934034846    ;000001;
934179704    ;000001;
934229372    ;000001;
934299773    ;000006;
934303165    ;000002;
934374859    ;000001;
934388620    ;000001;
934388632    ;000001;
934407204    ;000003;
934408624    ;000004;
934417243    ;000001;
934417597    ;000001;
934423942    ;000003;
934460027    ;000001;
934460864    ;000001;
934480195    ;000001;
934528011    ;000001;
934545373    ;000001;
934551615    ;000001;
934637683    ;000002;
934638127    ;000001;
934638141    ;000001;
934643154    ;000001;
934727506    ;000001;
934737394    ;000002;
934744602    ;000001;
934759539    ;000016;
934795612    ;000002;
934795749    ;000003;
934795776    ;000003;
934807607    ;000001;
934844325    ;000016;
934863960    ;000001;
934886173    ;000001;
934905148    ;000006;
934976010    ;000001;
934976667    ;000001;
934980020    ;000001;
934983040    ;000002;
935013553    ;000004;
935034330    ;000005;
935034355    ;000010;
935034405    ;000001;
935131235    ;000001;
935168791    ;000001;
935190393    ;000004;
935197715    ;000002;
935204255    ;000001;
935223533    ;000001;
935223875    ;000001;
935238941    ;000001;
935256267    ;000001;
935270963    ;000002;
935280216    ;000002;
935307114    ;000009;
935308294    ;000001;
935382782    ;000001;
935501371    ;000001;
935505267    ;000004;
935521866    ;000001;
935524049    ;000001;
935541906    ;000001;
935566695    ;000003;
935566707    ;000006;
935586673    ;000001;
935594616    ;000001;
935597815    ;000003;
935617528    ;000002;
935626438    ;000001;
935631630    ;000001;
935662585    ;000002;
935662597    ;000010;
935662609    ;000004;
935668513    ;000001;
935678918    ;000001;
935688945    ;000001;
935696916    ;000001;
935697209    ;000001;
935700043    ;000001;
935700219    ;000002;
935740504    ;000003;
935742700    ;000001;
935749034    ;000004;
935779900    ;000001;
935800209    ;000002;
935801922    ;000002;
935809588    ;000002;
935812418    ;000002;
935821847    ;000005;
935939708    ;000001;
935952958    ;000002;
935982785    ;000001;
935987976    ;000001;
935988636    ;000001;
936018237    ;000001;
936048800    ;000001;
936065061    ;000001;
936169515    ;000001;
937030815    ;000002;
937242257    ;000001;
937492167    ;000001;
937495493    ;000001;
938041454    ;000002;
938123243    ;000002;
938132192    ;000001;
938398450    ;000001;
938493552    ;000001;
938545264    ;000007;
938569819    ;000001;
938586563    ;000001;
938650025    ;000001;
938672793    ;000004;
938699182    ;000001;
938752235    ;000001;
938752247    ;000001;
938761689    ;000001;
938796733    ;000002;
938805405    ;000001;
938807664    ;000006;
938807676    ;000002;
938819000    ;000001;
938826310    ;000001;
938833744    ;000001;
938871213    ;000001;
938938723    ;000001;
938944042    ;000002;
938957812    ;000001;
938980188    ;000013;
938988983    ;000001;
939000360    ;000002;
939000410    ;000001;
939034637    ;000001;
939035883    ;000001;
939060479    ;000002;
939068146    ;000001;
939135733    ;000001;
939145874    ;000001;
939146256    ;000004;
939146320    ;000001;
939146650    ;000002;
939201606    ;000001;
939205237    ;000001;
939237970    ;000001;
939266589    ;000001;
939278901    ;000002;
939281655    ;000005;
939315115    ;000001;
939362822    ;000001;
939588556    ;000011;
939675043    ;000002;
939676843    ;000008;
939677581    ;000002;
939885772    ;000005;
939917795    ;000003;
939920029    ;000001;
939928127    ;000001;
939989087    ;000002;
940000399    ;000001;
940130875    ;000001;
940830247    ;000003;
941029579    ;000001;
941066161    ;000002;
941100354    ;000003;
941145447    ;000001;
941617363    ;000001;
941632097    ;000001;
941657645    ;000016;
941657811    ;000025;
941788465    ;000003;
941811046    ;000004;
941811059    ;000003;
941992796    ;000001;
942002849    ;000002;
942047871    ;000001;
942141108    ;000001;
942359365    ;000001;
942390004    ;000001;
942411669    ;000002;
942430570    ;000001;
942459746    ;000001;
942578446    ;000002;
942578459    ;000001;
942605066    ;000002;
942620131    ;000001;
942677891    ;000001;
942681560    ;000001;
942707757    ;000001;
942774148    ;000007;
942793302    ;000001;
942812761    ;000002;
942815919    ;000001;
942816341    ;000001;
942819044    ;000008;
942831330    ;000002;
942832066    ;000001;
942833284    ;000001;
942862451    ;000002;
942869773    ;000002;
942873617    ;000002;
942891110    ;000003;
942948377    ;000001;
942982620    ;000001;
943129371    ;000001;
943222190    ;000001;
943238966    ;000001;
943285609    ;000001;
943285635    ;000002;
943302430    ;000003;
943359063    ;000001;
943702668    ;000002;
943779013    ;000001;
943791160    ;000001;
943795726    ;000005;
943808307    ;000002;
943811289    ;000001;
943865156    ;000002;
943911750    ;000002;
943912891    ;000003;
943966426    ;000001;
944000379    ;000001;
944111222    ;000001;
944157522    ;000001;
944160682    ;000001;
944182043    ;000002;
944182106    ;000007;
944249059    ;000001;
944313269    ;000003;
944435181    ;000002;
944438807    ;000001;
944440953    ;000002;
944443555    ;000001;
944443567    ;000001;
944763212    ;000024;
944786983    ;000002;
944789320    ;000001;
944898105    ;000001;
944912423    ;000002;
944941917    ;000001;
944950310    ;000001;
945075935    ;000001;
947069819    ;000001;
947075747    ;000010;
947261879    ;000002;
948004799    ;000003;
950000024    ;000002;
970283952    ;000002;
970285654    ;000001;
970291706    ;000001;
970329708    ;000003;
970335232    ;000024;
970335244    ;000022;
970358519    ;000001;
970418822    ;000001;
970435703    ;000002;
970439523    ;000001;
970451934    ;000002;
970458067    ;000001;
970458360    ;000002;
970488829    ;000001;
970489593    ;000001;
970503114    ;000001;
970515829    ;000001;
970528283    ;000002;
970725848    ;000002;
970785958    ;000007;
970973525    ;000001;
971059528    ;000002;
971064213    ;000001;
971083098    ;000001;
971083151    ;000001;
971101136    ;000017;
971103104    ;000001;
971103116    ;000001;
971117775    ;000003;
971117914    ;000005;
971135355    ;000003;
971137690    ;000001;
971141179    ;000001;
971141193    ;000003;
971169836    ;000009;
971170939    ;000002;
971176286    ;000001;
971230952    ;000001;
971231016    ;000001;
971231030    ;000002;
971242298    ;000004;
971256476    ;000012;
971256488    ;000024;
971256490    ;000017;
971271628    ;000001;
971277874    ;000001;
971297597    ;000011;
971299476    ;000001;
971304124    ;000002;
971338025    ;000001;
971347620    ;000004;
971347657    ;000027;
971373941    ;000001;
971375795    ;000001;
971377559    ;000001;
971397296    ;000003;
971477169    ;000002;
971528171    ;000002;
971528219    ;000001;
971559745    ;000001;
971607902    ;000005;
971621964    ;000022;
971635735    ;000012;
971635925    ;000007;
971655067    ;000002;
971664596    ;000001;
971684131    ;000001;
971796899    ;000001;
971798968    ;000001;
971805318    ;000001;
971934435    ;000001;
971980735    ;000002;
971995093    ;000002;
971995105    ;000002;
972050862    ;000049;
972050874    ;000004;
972064404    ;000006;
972068353    ;000001;
972135812    ;000002;
972150421    ;000002;
972164370    ;000001;
972165652    ;000001;
972255451    ;000002;
972260590    ;000001;
972264408    ;000045;
972264410    ;000069;
972264636    ;000001;
972295669    ;000024;
972295671    ;000037;
972451912    ;000001;
972471926    ;000001;
972499457    ;000001;
972523904    ;000019;
972532232    ;000010;
972596011    ;000001;
972676985    ;000002;
972686265    ;000004;
972725117    ;000001;
972728000    ;000001;
972766861    ;000001;
972767368    ;000002;
972767521    ;000001;
972777066    ;000001;
973077201    ;000015;
973145838    ;000009;
973146588    ;000001;
973182037    ;000001;
973293044    ;000001;
973294402    ;000003;
973328242    ;000002;
973590019    ;000008;
973623869    ;000001;
973719709    ;000001;
973731262    ;000001;
973734472    ;000001;
973914753    ;000001;
974003713    ;000001;
974003752    ;000001;
974010629    ;000015;
974011987    ;000002;
974034439    ;000008;
974036687    ;000001;
974053441    ;000001;
974056436    ;000002;
974061400    ;000001;
974086148    ;000011;
974373146    ;000002;
974373159    ;000002;
974386144    ;000001;
974479115    ;000002;
974506533    ;000006;
974535395    ;000003;
974640753    ;000025;
974657177    ;000001;
974658508    ;000002;
974759793    ;000001;
974762801    ;000001;
974762837    ;000001;
974889925    ;000003;
974892616    ;000001;
974919173    ;000002;
974966881    ;000001;
974966893    ;000006;
975022942    ;000001;
975053164    ;000001;
975056235    ;000002;
975084536    ;000009;
975189073    ;000001;
975346685    ;000001;
975348261    ;000001;
975435241    ;000001;
975443817    ;000001;
975448756    ;000001;
975456613    ;000001;
975512512    ;000003;
975512524    ;000003;
975518578    ;000001;
975519240    ;000001;
975524238    ;000003;
975581810    ;000007;
975588056    ;000001;
975592940    ;000001;
975597117    ;000024;
975597129    ;000012;
975597131    ;000009;
975597143    ;000006;
975611450    ;000001;
975702008    ;000001;
975816190    ;000001;
975896263    ;000014;
975923576    ;000001;
975966918    ;000008;
975984535    ;000001;
975991187    ;000011;
975995782    ;000001;
976033631    ;000001;
976103945    ;000009;
976202743    ;000001;
976205106    ;000020;
976207973    ;000001;
976309587    ;000010;
976309599    ;000003;
976311340    ;000003;
976318220    ;000003;
976318384    ;000003;
976320820    ;000002;
976335291    ;000012;
976391211    ;000001;
976394700    ;000007;
976395335    ;000012;
976396705    ;000002;
976398305    ;000002;
976832838    ;000001;
976910125    ;000003;
976966034    ;000002;
976997763    ;000012;
977175544    ;000016;
977175569    ;000009;
977367465    ;000001;
977470590    ;000001;
977547886    ;000001;
977629233    ;000001;
977658020    ;000018;
977658032    ;000006;
977658069    ;000016;
977662030    ;000001;
977668159    ;000002;
977668185    ;000001;
977705918    ;000001;
977705932    ;000003;
977709993    ;000001;
977729336    ;000002;
977731102    ;000001;
978106565    ;000007;
978239895    ;000002;
978242055    ;000025;
978242307    ;000007;
978258251    ;000005;
978261648    ;000004;
978307320    ;000001;
978307700    ;000001;
978315164    ;000001;
978473155    ;000021;
978473167    ;000019;
978473179    ;000002;
978473559    ;000001;
978508341    ;000001;
978588996    ;000015;
978606984    ;000001;
978606996    ;000001;
978607000    ;000001;
978691145    ;000002;
978851739    ;000002;
978869030    ;000004;
978982142    ;000001;
979015296    ;000001;
979015308    ;000002;
979016324    ;000003;
979016348    ;000001;
979016351    ;000002;
979016375    ;000003;
979016387    ;000003;
979016399    ;000003;
979016401    ;000015;
979016425    ;000008;
979016437    ;000012;
979016449    ;000013;
979016464    ;000008;
979043104    ;000001;
979081635    ;000001;
979082625    ;000001;
979097538    ;000001;
979101540    ;000002;
979101553    ;000002;
979101577    ;000001;
979195536    ;000019;
979232648    ;000002;
979262767    ;000002;
979262779    ;000001;
979279270    ;000001;
979331182    ;000007;
979332400    ;000004;
979332463    ;000002;
979368420    ;000005;
979368432    ;000008;
979370754    ;000005;
979373976    ;000003;
979399856    ;000007;
979401458    ;000001;
979406699    ;000002;
979418860    ;000003;
979683467    ;000001;
979795933    ;000005;
979810456    ;000006;
979810468    ;000003;
979810470    ;000007;
979810494    ;000003;
979811231    ;000001;
979946391    ;000002;
980086324    ;000002;
980086375    ;000005;
980086387    ;000006;
980086399    ;000007;
980086401    ;000005;
980135154    ;000002;
980183899    ;000003;
980183901    ;000003;
980185728    ;000002;
980251995    ;000004;
980285795    ;000006;
980292647    ;000001;
980297372    ;000001;
980299756    ;000002;
980299782    ;000003;
980299806    ;000002;
980299832    ;000002;
980301511    ;000001;
980340475    ;000020;
980345159    ;000005;
980408215    ;000006;
980408241    ;000007;
980408254    ;000007;
980423610    ;000002;
980426528    ;000006;
980427088    ;000002;
980431151    ;000013;
980446088    ;000001;
980450175    ;000001;
980454680    ;000002;
980455935    ;000001;
980459717    ;000010;
980459743    ;000008;
980460861    ;000004;
980460873    ;000002;
980463929    ;000007;
980475356    ;000001;
980475370    ;000001;
980512735    ;000003;
980512747    ;000005;
980512750    ;000004;
980512762    ;000004;
980512774    ;000003;
980512786    ;000006;
980512800    ;000003;
980551802    ;000001;
980625495    ;000001;
980625507    ;000001;
980628059    ;000012;
980682266    ;000001;
980772040    ;000006;
980785822    ;000001;
980787168    ;000003;
980790772    ;000001;
980791545    ;000001;
980810485    ;000002;
980810497    ;000001;
980810941    ;000001;
980812578    ;000002;
980813962    ;000001;
980835678    ;000001;
980911287    ;000003;
980911299    ;000001;
980911770    ;000002;
980914257    ;000001;
980928396    ;000007;
981067717    ;000002;
981076134    ;000001;
981110226    ;000016;
981110366    ;000002;
981110784    ;000003;
981110796    ;000023;
981112776    ;000002;
981124302    ;000006;
981239383    ;000001;
981239407    ;000005;
981266428    ;000006;
981267166    ;000001;
981364843    ;000005;
981364856    ;000002;
981364868    ;000005;
981397843    ;000009;
981398403    ;000019;
981432584    ;000002;
981470127    ;000001;
981472602    ;000002;
981475369    ;000007;
981491487    ;000005;
981491499    ;000005;
981498797    ;000002;
981498809    ;000001;
981498898    ;000001;
981557984    ;000002;
981563947    ;000003;
981563986    ;000001;
981566627    ;000006;
981566639    ;000006;
981647858    ;000014;
981647860    ;000011;
981904574    ;000001;
981920933    ;000002;
981937600    ;000001;
981937612    ;000001;
981962398    ;000002;
981995956    ;000002;
981996008    ;000002;
982003600    ;000024;
982005884    ;000001;
982005896    ;000002;
982007243    ;000001;
982011165    ;000001;
982045698    ;000001;
982146692    ;000002;
982172835    ;000076;
982173130    ;000001;
982452310    ;000001;
982452346    ;000001;
982465142    ;000001;
982471385    ;000001;
982471409    ;000001;
982471839    ;000003;
982474064    ;000006;
982474076    ;000006;
982474102    ;000006;
982474126    ;000001;
982474138    ;000006;
982476285    ;000002;
982509770    ;000007;
982518235    ;000002;
982526737    ;000001;
982530596    ;000002;
982530899    ;000009;
982539227    ;000006;
982539254    ;000001;
982539266    ;000014;
982539278    ;000007;
982539280    ;000002;
982539328    ;000001;
982539342    ;000002;
982648952    ;000001;
982653723    ;000002;
982682130    ;000010;
982754297    ;000001;
982755365    ;000009;
982759538    ;000001;
982820793    ;000004;
982821441    ;000004;
982823736    ;000008;
982823748    ;000001;
982823751    ;000002;
982846483    ;000001;
982932194    ;000001;
982946675    ;000001;
982951244    ;000001;
982951459    ;000001;
982952261    ;000001;
982953972    ;000014;
982981108    ;000008;
982984142    ;000001;
982984852    ;000002;
982984864    ;000002;
983031891    ;000001;
983034315    ;000004;
983038910    ;000013;
983282029    ;000782;
983307657    ;000001;
983429515    ;000008;
983513641    ;000015;
983513666    ;000012;
983513742    ;000008;
983531221    ;000005;
983532538    ;000001;
983672445    ;000002;
983672472    ;000032;
983672484    ;000018;
983678133    ;000001;
983694391    ;000003;
983701273    ;000009;
983702313    ;000001;
983704471    ;000001;
983749058    ;000004;
983761418    ;000002;
983773829    ;000017;
983778729    ;000009;
983794520    ;000006;
983836584    ;000008;
984146023    ;000001;
984146047    ;000003;
984158648    ;000006;
984158853    ;000008;
984163954    ;000003;
984320010    ;000001;
984320034    ;000001;
984360242    ;000001;
984463063    ;000002;
984505228    ;000012;
984513832    ;000003;
984513869    ;000003;
984557583    ;000004;
984561884    ;000002;
984621692    ;000008;
984621728    ;000007;
984621742    ;000007;
984622631    ;000030;
984622656    ;000006;
984622668    ;000012;
984622670    ;000019;
984622694    ;000011;
984636276    ;000001;
984652545    ;000003;
984702163    ;000012;
984702175    ;000058;
984702187    ;000005;
984702199    ;000006;
984779330    ;000002;
984779355    ;000001;
984819045    ;000015;
984834263    ;000001;
984865143    ;000006;
984865598    ;000012;
984865612    ;000009;
984865624    ;000013;
984865636    ;000014;
984865648    ;000010;
984873327    ;000006;
984874836    ;000001;
984896656    ;000002;
984896668    ;000012;
985001510    ;000007;
985496773    ;000010;
985550161    ;000001;
985988219    ;000012;
985999578    ;000005;
985999580    ;000004;
